id,species,basin,country,region,locality,province,meow_province,sequenced_coi,sequenced_cytb,lon,lat,source
Prh-019,Plagiotremus rhinorhynchos,Indian,British Indian Ocean Territory,Western Indian,Diego Garcia,Western Indian,Central Indian Ocean Islands,1,0,72.4228556,-7.3195005,sequenced
Prh-020,Plagiotremus rhinorhynchos,Indian,British Indian Ocean Territory,Western Indian,Diego Garcia,Western Indian,Central Indian Ocean Islands,1,0,72.4228556,-7.3195005,sequenced
Prh-021,Plagiotremus rhinorhynchos,Indian,British Indian Ocean Territory,Western Indian,Diego Garcia,Western Indian,Central Indian Ocean Islands,1,0,72.4228556,-7.3195005,sequenced
Prh-022,Plagiotremus rhinorhynchos,Indian,British Indian Ocean Territory,Western Indian,Diego Garcia,Western Indian,Central Indian Ocean Islands,1,0,72.4228556,-7.3195005,sequenced
Prh-023,Plagiotremus rhinorhynchos,Indian,British Indian Ocean Territory,Western Indian,Diego Garcia,Western Indian,Central Indian Ocean Islands,1,0,72.4228556,-7.3195005,sequenced
Prh-024,Plagiotremus rhinorhynchos,Indian,British Indian Ocean Territory,Western Indian,Diego Garcia,Western Indian,Central Indian Ocean Islands,1,0,72.4228556,-7.3195005,sequenced
Prh-025,Plagiotremus rhinorhynchos,Indian,British Indian Ocean Territory,Western Indian,Diego Garcia,Western Indian,Central Indian Ocean Islands,0,0,72.4228556,-7.3195005,sequenced
Prh-026,Plagiotremus rhinorhynchos,Indian,British Indian Ocean Territory,Western Indian,Diego Garcia,Western Indian,Central Indian Ocean Islands,1,0,72.4228556,-7.3195005,sequenced
Prh-027,Plagiotremus rhinorhynchos,Indian,British Indian Ocean Territory,Western Indian,Diego Garcia,Western Indian,Central Indian Ocean Islands,1,0,72.4228556,-7.3195005,sequenced
Prh-028,Plagiotremus rhinorhynchos,Indian,British Indian Ocean Territory,Western Indian,Diego Garcia,Western Indian,Central Indian Ocean Islands,0,0,72.4228556,-7.3195005,sequenced
Prh-029,Plagiotremus rhinorhynchos,Indian,British Indian Ocean Territory,Western Indian,Diego Garcia,Western Indian,Central Indian Ocean Islands,1,0,72.4228556,-7.3195005,sequenced
Prh-030,Plagiotremus rhinorhynchos,Indian,British Indian Ocean Territory,Western Indian,Diego Garcia,Western Indian,Central Indian Ocean Islands,1,0,72.4228556,-7.3195005,sequenced
Prh-031,Plagiotremus rhinorhynchos,Indian,British Indian Ocean Territory,Western Indian,Diego Garcia,Western Indian,Central Indian Ocean Islands,1,0,72.4228556,-7.3195005,sequenced
Prh-032,Plagiotremus rhinorhynchos,Indian,British Indian Ocean Territory,Western Indian,Diego Garcia,Western Indian,Central Indian Ocean Islands,1,0,72.4228556,-7.3195005,sequenced
Prh-033,Plagiotremus rhinorhynchos,Indian,British Indian Ocean Territory,Western Indian,Diego Garcia,Western Indian,Central Indian Ocean Islands,0,0,72.4228556,-7.3195005,sequenced
Prh-034,Plagiotremus rhinorhynchos,Indian,British Indian Ocean Territory,Western Indian,Diego Garcia,Western Indian,Central Indian Ocean Islands,1,0,72.4228556,-7.3195005,sequenced
Prh-035,Plagiotremus rhinorhynchos,Indian,British Indian Ocean Territory,Western Indian,Diego Garcia,Western Indian,Central Indian Ocean Islands,1,0,72.4228556,-7.3195005,sequenced
Pta-044,Plagiotremus tapeinosoma,Indian,British Indian Ocean Territory,Western Indian,Diego Garcia,Western Indian,Central Indian Ocean Islands,0,1,72.4228556,-7.3195005,sequenced
Pta-045,Plagiotremus tapeinosoma,Indian,British Indian Ocean Territory,Western Indian,Diego Garcia,Western Indian,Central Indian Ocean Islands,1,1,72.4228556,-7.3195005,sequenced
Pta-046,Plagiotremus tapeinosoma,Indian,British Indian Ocean Territory,Western Indian,Diego Garcia,Western Indian,Central Indian Ocean Islands,0,0,72.4228556,-7.3195005,sequenced
Pta-047,Plagiotremus tapeinosoma,Indian,British Indian Ocean Territory,Western Indian,Diego Garcia,Western Indian,Central Indian Ocean Islands,0,1,72.4228556,-7.3195005,sequenced
Pta-048,Plagiotremus tapeinosoma,Indian,British Indian Ocean Territory,Western Indian,Diego Garcia,Western Indian,Central Indian Ocean Islands,0,1,72.4228556,-7.3195005,sequenced
Pta-049,Plagiotremus tapeinosoma,Indian,British Indian Ocean Territory,Western Indian,Diego Garcia,Western Indian,Central Indian Ocean Islands,0,1,72.4228556,-7.3195005,sequenced
Pta-050,Plagiotremus tapeinosoma,Indian,British Indian Ocean Territory,Western Indian,Diego Garcia,Western Indian,Central Indian Ocean Islands,0,1,72.4228556,-7.3195005,sequenced
Pta-051,Plagiotremus tapeinosoma,Indian,British Indian Ocean Territory,Western Indian,Diego Garcia,Western Indian,Central Indian Ocean Islands,1,1,72.4228556,-7.3195005,sequenced
Pta-052,Plagiotremus tapeinosoma,Indian,British Indian Ocean Territory,Western Indian,Diego Garcia,Western Indian,Central Indian Ocean Islands,1,0,72.4228556,-7.3195005,sequenced
Pta-053,Plagiotremus tapeinosoma,Indian,British Indian Ocean Territory,Western Indian,Diego Garcia,Western Indian,Central Indian Ocean Islands,0,1,72.4228556,-7.3195005,sequenced
Pta-054,Plagiotremus tapeinosoma,Indian,British Indian Ocean Territory,Western Indian,Diego Garcia,Western Indian,Central Indian Ocean Islands,1,1,72.4228556,-7.3195005,sequenced
Pta-055,Plagiotremus tapeinosoma,Indian,British Indian Ocean Territory,Western Indian,Diego Garcia,Western Indian,Central Indian Ocean Islands,1,1,72.4228556,-7.3195005,sequenced
Pta-056,Plagiotremus tapeinosoma,Indian,British Indian Ocean Territory,Western Indian,Diego Garcia,Western Indian,Central Indian Ocean Islands,0,0,72.4228556,-7.3195005,sequenced
Pta-057,Plagiotremus tapeinosoma,Indian,British Indian Ocean Territory,Western Indian,Diego Garcia,Western Indian,Central Indian Ocean Islands,0,0,72.4228556,-7.3195005,sequenced
Pta-058,Plagiotremus tapeinosoma,Indian,British Indian Ocean Territory,Western Indian,Diego Garcia,Western Indian,Central Indian Ocean Islands,0,1,72.4228556,-7.3195005,sequenced
Pta-059,Plagiotremus tapeinosoma,Indian,British Indian Ocean Territory,Western Indian,Diego Garcia,Western Indian,Central Indian Ocean Islands,0,1,72.4228556,-7.3195005,sequenced
Pta-122,Plagiotremus tapeinosoma,Indian,British Indian Ocean Territory,Western Indian,Chagos,Western Indian,Central Indian Ocean Islands,1,1,71.8564808,-6.3365899,sequenced
Pta-123,Plagiotremus tapeinosoma,Indian,British Indian Ocean Territory,Western Indian,Chagos,Western Indian,Central Indian Ocean Islands,1,1,71.8564808,-6.3365899,sequenced
Prh-036,Plagiotremus rhinorhynchos,Indian,Australia,Central Indo-Pacific,Christmas Island,Central Indo-Pacific,Java Transitional,0,0,105.690449,-10.447525,sequenced
Prh-037,Plagiotremus rhinorhynchos,Indian,Australia,Central Indo-Pacific,Christmas Island,Central Indo-Pacific,Java Transitional,1,0,105.690449,-10.447525,sequenced
Pta-072,Plagiotremus tapeinosoma,Indian,Australia,Central Indo-Pacific,Christmas Island,Central Indo-Pacific,Java Transitional,0,1,105.690449,-10.447525,sequenced
Pta-073,Plagiotremus tapeinosoma,Indian,Australia,Central Indo-Pacific,Christmas Island,Central Indo-Pacific,Java Transitional,0,1,105.690449,-10.447525,sequenced
Pta-074,Plagiotremus tapeinosoma,Indian,Australia,Central Indo-Pacific,Cocos Keeling,Central Indo-Pacific,Java Transitional,0,0,96.870956,-12.164165,sequenced
Prh-046,Plagiotremus rhinorhynchos,Pacific,Kiribati,Central Pacific,Kiritimati,Central Pacific,Central Polynesia,1,0,-157.4278119,1.8721347,sequenced
Prh-047,Plagiotremus rhinorhynchos,Pacific,Kiribati,Central Pacific,Kiritimati,Central Pacific,Central Polynesia,1,0,-157.4278119,1.8721347,sequenced
Prh-048,Plagiotremus rhinorhynchos,Pacific,Kiribati,Central Pacific,Kiritimati,Central Pacific,Central Polynesia,1,0,-157.4278119,1.8721347,sequenced
Prh-049,Plagiotremus rhinorhynchos,Pacific,Kiribati,Central Pacific,Kiritimati,Central Pacific,Central Polynesia,1,0,-157.4278119,1.8721347,sequenced
Prh-050,Plagiotremus rhinorhynchos,Pacific,Kiribati,Central Pacific,Kiritimati,Central Pacific,Central Polynesia,1,0,-157.4278119,1.8721347,sequenced
Prh-051,Plagiotremus rhinorhynchos,Pacific,Kiribati,Central Pacific,Kiritimati,Central Pacific,Central Polynesia,1,0,-157.4278119,1.8721347,sequenced
Prh-052,Plagiotremus rhinorhynchos,Pacific,Kiribati,Central Pacific,Kiritimati,Central Pacific,Central Polynesia,1,0,-157.4278119,1.8721347,sequenced
Prh-053,Plagiotremus rhinorhynchos,Pacific,Kiribati,Central Pacific,Kiritimati,Central Pacific,Central Polynesia,1,0,-157.4278119,1.8721347,sequenced
Prh-054,Plagiotremus rhinorhynchos,Pacific,Kiribati,Central Pacific,Kiritimati,Central Pacific,Central Polynesia,1,0,-157.4278119,1.8721347,sequenced
Prh-055,Plagiotremus rhinorhynchos,Pacific,Kiribati,Central Pacific,Kiritimati,Central Pacific,Central Polynesia,1,0,-157.4278119,1.8721347,sequenced
Prh-056,Plagiotremus rhinorhynchos,Pacific,Kiribati,Central Pacific,Kiritimati,Central Pacific,Central Polynesia,1,0,-157.4278119,1.8721347,sequenced
Prh-057,Plagiotremus rhinorhynchos,Pacific,Kiribati,Central Pacific,Kiritimati,Central Pacific,Central Polynesia,1,0,-157.4278119,1.8721347,sequenced
Pta-002,Plagiotremus tapeinosoma,Pacific,Kiribati,Central Pacific,Kiritimati,Central Pacific,Central Polynesia,1,1,-157.4278119,1.8721347,sequenced
Pta-003,Plagiotremus tapeinosoma,Pacific,Kiribati,Central Pacific,Kiritimati,Central Pacific,Central Polynesia,0,1,-157.4278119,1.8721347,sequenced
Pta-004,Plagiotremus tapeinosoma,Pacific,Kiribati,Central Pacific,Kiritimati,Central Pacific,Central Polynesia,0,1,-157.4278119,1.8721347,sequenced
Pta-005,Plagiotremus tapeinosoma,Pacific,Kiribati,Central Pacific,Kiritimati,Central Pacific,Central Polynesia,1,1,-157.4278119,1.8721347,sequenced
Pta-006,Plagiotremus tapeinosoma,Pacific,Kiribati,Central Pacific,Kiritimati,Central Pacific,Central Polynesia,0,1,-157.4278119,1.8721347,sequenced
Pta-007,Plagiotremus tapeinosoma,Pacific,Kiribati,Central Pacific,Kiritimati,Central Pacific,Central Polynesia,1,1,-157.4278119,1.8721347,sequenced
Pta-008,Plagiotremus tapeinosoma,Pacific,Kiribati,Central Pacific,Kiritimati,Central Pacific,Central Polynesia,0,1,-157.4278119,1.8721347,sequenced
Pta-009,Plagiotremus tapeinosoma,Pacific,Kiribati,Central Pacific,Kiritimati,Central Pacific,Central Polynesia,0,1,-157.4278119,1.8721347,sequenced
Pta-010,Plagiotremus tapeinosoma,Pacific,Kiribati,Central Pacific,Kiritimati,Central Pacific,Central Polynesia,0,1,-157.4278119,1.8721347,sequenced
Pta-011,Plagiotremus tapeinosoma,Pacific,Kiribati,Central Pacific,Kiritimati,Central Pacific,Central Polynesia,1,1,-157.4278119,1.8721347,sequenced
Pta-131,Plagiotremus tapeinosoma,Pacific,Kiribati,Central Pacific,Kiritimati,Central Pacific,Central Polynesia,1,0,-157.4278119,1.8721347,sequenced
Pta-132,Plagiotremus tapeinosoma,Pacific,Kiribati,Central Pacific,Kiritimati,Central Pacific,Central Polynesia,1,0,-157.4278119,1.8721347,sequenced
Pta-133,Plagiotremus tapeinosoma,Pacific,Kiribati,Central Pacific,Kiritimati,Central Pacific,Central Polynesia,1,0,-157.4278119,1.8721347,sequenced
Pta-134,Plagiotremus tapeinosoma,Pacific,Kiribati,Central Pacific,Kiritimati,Central Pacific,Central Polynesia,0,0,-157.4278119,1.8721347,sequenced
Pta-135,Plagiotremus tapeinosoma,Pacific,Kiribati,Central Pacific,Kiritimati,Central Pacific,Central Polynesia,1,0,-157.4278119,1.8721347,sequenced
Pta-136,Plagiotremus tapeinosoma,Pacific,Kiribati,Central Pacific,Kiritimati,Central Pacific,Central Polynesia,1,0,-157.4278119,1.8721347,sequenced
Pta-137,Plagiotremus tapeinosoma,Pacific,Kiribati,Central Pacific,Kiritimati,Central Pacific,Central Polynesia,1,0,-157.4278119,1.8721347,sequenced
Pta-138,Plagiotremus tapeinosoma,Pacific,Kiribati,Central Pacific,Kiritimati,Central Pacific,Central Polynesia,1,0,-157.4278119,1.8721347,sequenced
Pta-139,Plagiotremus tapeinosoma,Pacific,Kiribati,Central Pacific,Kiritimati,Central Pacific,Central Polynesia,1,0,-157.4278119,1.8721347,sequenced
Pta-140,Plagiotremus tapeinosoma,Pacific,Kiribati,Central Pacific,Kiritimati,Central Pacific,Central Polynesia,1,0,-157.4278119,1.8721347,sequenced
Pta-141,Plagiotremus tapeinosoma,Pacific,Kiribati,Central Pacific,Kiritimati,Central Pacific,Central Polynesia,1,0,-157.4278119,1.8721347,sequenced
Pta-142,Plagiotremus tapeinosoma,Pacific,Kiribati,Central Pacific,Kiritimati,Central Pacific,Central Polynesia,0,0,-157.4278119,1.8721347,sequenced
Pta-143,Plagiotremus tapeinosoma,Pacific,Kiribati,Central Pacific,Kiritimati,Central Pacific,Central Polynesia,1,0,-157.4278119,1.8721347,sequenced
Pta-144,Plagiotremus tapeinosoma,Pacific,Kiribati,Central Pacific,Kiritimati,Central Pacific,Central Polynesia,1,0,-157.4278119,1.8721347,sequenced
Pta-145,Plagiotremus tapeinosoma,Pacific,Kiribati,Central Pacific,Kiritimati,Central Pacific,Central Polynesia,1,0,-157.4278119,1.8721347,sequenced
Pew-001,Plagiotremus ewaensis,Pacific,United States,Main Hawaiian Islands,Hawaii,Hawaiian,Hawaii,0,0,-155.6658568,19.5429151,sequenced
Pew-002,Plagiotremus ewaensis,Pacific,United States,Main Hawaiian Islands,Oahu,Hawaiian,Hawaii,0,0,-158.0000565,21.4389123,sequenced
Pew-003,Plagiotremus ewaensis,Pacific,United States,Main Hawaiian Islands,Maui,Hawaiian,Hawaii,0,0,-156.3319253,20.7983626,sequenced
Pew-014,Plagiotremus ewaensis,Pacific,United States,Main Hawaiian Islands,Kauai,Hawaiian,Hawaii,0,0,-159.5261238,22.0964396,sequenced
Pew-015,Plagiotremus ewaensis,Pacific,United States,Main Hawaiian Islands,Kauai,Hawaiian,Hawaii,1,0,-159.5261238,22.0964396,sequenced
Pew-016,Plagiotremus ewaensis,Pacific,United States,Main Hawaiian Islands,Kauai,Hawaiian,Hawaii,1,0,-159.5261238,22.0964396,sequenced
Pew-017,Plagiotremus ewaensis,Pacific,United States,Main Hawaiian Islands,Kauai,Hawaiian,Hawaii,1,0,-159.5261238,22.0964396,sequenced
Pew-018,Plagiotremus ewaensis,Pacific,United States,Main Hawaiian Islands,Oahu,Hawaiian,Hawaii,1,0,-158.0000565,21.4389123,sequenced
Pew-019,Plagiotremus ewaensis,Pacific,United States,Main Hawaiian Islands,Hawaii,Hawaiian,Hawaii,1,0,-155.6658568,19.5429151,sequenced
Pew-020,Plagiotremus ewaensis,Pacific,United States,Main Hawaiian Islands,Oahu,Hawaiian,Hawaii,0,0,-158.0000565,21.4389123,sequenced
Pew-021,Plagiotremus ewaensis,Pacific,United States,Main Hawaiian Islands,Oahu,Hawaiian,Hawaii,0,0,-158.0000565,21.4389123,sequenced
Pew-022,Plagiotremus ewaensis,Pacific,United States,Main Hawaiian Islands,Oahu,Hawaiian,Hawaii,1,0,-158.0000565,21.4389123,sequenced
Pew-023,Plagiotremus ewaensis,Pacific,United States,Main Hawaiian Islands,Oahu,Hawaiian,Hawaii,1,0,-158.0000565,21.4389123,sequenced
Pew-024,Plagiotremus ewaensis,Pacific,United States,Main Hawaiian Islands,Oahu,Hawaiian,Hawaii,0,0,-158.0000565,21.4389123,sequenced
Pew-027,Plagiotremus ewaensis,Pacific,United States,Main Hawaiian Islands,Kaula Rock,Hawaiian,Hawaii,1,0,-160.5421111,21.6547332,sequenced
Pew-028,Plagiotremus ewaensis,Pacific,United States,Main Hawaiian Islands,Kaula Rock,Hawaiian,Hawaii,1,0,-160.5421111,21.6547332,sequenced
Pew-029,Plagiotremus ewaensis,Pacific,United States,Main Hawaiian Islands,Kaula Rock,Hawaiian,Hawaii,0,0,-160.5421111,21.6547332,sequenced
Pew-030,Plagiotremus ewaensis,Pacific,United States,Main Hawaiian Islands,Kaula Rock,Hawaiian,Hawaii,1,0,-160.5421111,21.6547332,sequenced
Pew-036,Plagiotremus ewaensis,Pacific,United States,Main Hawaiian Islands,Oahu,Hawaiian,Hawaii,1,0,-158.0000565,21.4389123,sequenced
Pew-054,Plagiotremus ewaensis,Pacific,United States,Main Hawaiian Islands,Hawaii,Hawaiian,Hawaii,1,0,-155.6658568,19.5429151,sequenced
Pew-055,Plagiotremus ewaensis,Pacific,United States,Main Hawaiian Islands,Hawaii,Hawaiian,Hawaii,1,0,-155.6658568,19.5429151,sequenced
Pew-056,Plagiotremus ewaensis,Pacific,United States,Main Hawaiian Islands,Hawaii,Hawaiian,Hawaii,0,0,-155.6658568,19.5429151,sequenced
Pgo-018,Plagiotremus goslinei,Pacific,United States,Main Hawaiian Islands,Kauai,Hawaiian,Hawaii,1,1,-159.5261238,22.0964396,sequenced
Pgo-019,Plagiotremus goslinei,Pacific,United States,Main Hawaiian Islands,Kauai,Hawaiian,Hawaii,1,1,-159.5261238,22.0964396,sequenced
Pgo-020,Plagiotremus goslinei,Pacific,United States,Main Hawaiian Islands,Kauai,Hawaiian,Hawaii,1,1,-159.5261238,22.0964396,sequenced
Pgo-021,Plagiotremus goslinei,Pacific,United States,Main Hawaiian Islands,Kauai,Hawaiian,Hawaii,1,1,-159.5261238,22.0964396,sequenced
Pgo-022,Plagiotremus goslinei,Pacific,United States,Main Hawaiian Islands,Kauai,Hawaiian,Hawaii,1,1,-159.5261238,22.0964396,sequenced
Pgo-023,Plagiotremus goslinei,Pacific,United States,Main Hawaiian Islands,Kauai,Hawaiian,Hawaii,1,1,-159.5261238,22.0964396,sequenced
Pgo-024,Plagiotremus goslinei,Pacific,United States,Main Hawaiian Islands,Kauai,Hawaiian,Hawaii,1,1,-159.5261238,22.0964396,sequenced
Pgo-025,Plagiotremus goslinei,Pacific,United States,Main Hawaiian Islands,Kauai,Hawaiian,Hawaii,1,1,-159.5261238,22.0964396,sequenced
Pgo-026,Plagiotremus goslinei,Pacific,United States,Main Hawaiian Islands,Kauai,Hawaiian,Hawaii,1,1,-159.5261238,22.0964396,sequenced
Pgo-027,Plagiotremus goslinei,Pacific,United States,Main Hawaiian Islands,Hawaii,Hawaiian,Hawaii,1,1,-155.6658568,19.5429151,sequenced
Pgo-028,Plagiotremus goslinei,Pacific,United States,Main Hawaiian Islands,Hawaii,Hawaiian,Hawaii,1,1,-155.6658568,19.5429151,sequenced
Pgo-029,Plagiotremus goslinei,Pacific,United States,Main Hawaiian Islands,Hawaii,Hawaiian,Hawaii,1,1,-155.6658568,19.5429151,sequenced
Pgo-038,Plagiotremus goslinei,Pacific,United States,Main Hawaiian Islands,Oahu,Hawaiian,Hawaii,1,1,-158.0000565,21.4389123,sequenced
Pgo-050,Plagiotremus goslinei,Pacific,United States,Main Hawaiian Islands,Kaula Rock,Hawaiian,Hawaii,1,1,-160.5421111,21.6547332,sequenced
Pgo-051,Plagiotremus goslinei,Pacific,United States,Main Hawaiian Islands,Kaula Rock,Hawaiian,Hawaii,1,1,-160.5421111,21.6547332,sequenced
Pgo-052,Plagiotremus goslinei,Pacific,United States,Main Hawaiian Islands,Kaula Rock,Hawaiian,Hawaii,1,1,-160.5421111,21.6547332,sequenced
Pgo-058,Plagiotremus goslinei,Pacific,United States,Main Hawaiian Islands,Oahu,Hawaiian,Hawaii,1,0,-158.0000565,21.4389123,sequenced
Pgo-083,Plagiotremus goslinei,Pacific,United States,Main Hawaiian Islands,Niihau,Hawaiian,Hawaii,1,1,-160.1574878,21.8921433,sequenced
Pgo-084,Plagiotremus goslinei,Pacific,United States,Main Hawaiian Islands,Niihau,Hawaiian,Hawaii,1,1,-160.1574878,21.8921433,sequenced
Pgo-085,Plagiotremus goslinei,Pacific,United States,Main Hawaiian Islands,Niihau,Hawaiian,Hawaii,0,1,-160.1574878,21.8921433,sequenced
Pta-001,Plagiotremus tapeinosoma,Pacific,Marquesas,Marquesan,Nuku Hiva,Marquesan,Marquesas,0,1,-140.1420882,-8.8604808,sequenced
Pta-086,Plagiotremus tapeinosoma,Pacific,Marquesas,Marquesan,Nuku Hiva,Marquesan,Marquesas,1,0,-140.1420882,-8.8604808,sequenced
Pta-087,Plagiotremus tapeinosoma,Pacific,Marquesas,Marquesan,Nuku Hiva,Marquesan,Marquesas,1,1,-140.1420882,-8.8604808,sequenced
Pta-088,Plagiotremus tapeinosoma,Pacific,Marquesas,Marquesan,Nuku Hiva,Marquesan,Marquesas,1,1,-140.1420882,-8.8604808,sequenced
Pta-089,Plagiotremus tapeinosoma,Pacific,Marquesas,Marquesan,Nuku Hiva,Marquesan,Marquesas,1,0,-140.1420882,-8.8604808,sequenced
Pta-090,Plagiotremus tapeinosoma,Pacific,Marquesas,Marquesan,Nuku Hiva,Marquesan,Marquesas,0,1,-140.1420882,-8.8604808,sequenced
Pta-091,Plagiotremus tapeinosoma,Pacific,Marquesas,Marquesan,Nuku Hiva,Marquesan,Marquesas,1,1,-140.1420882,-8.8604808,sequenced
Pta-092,Plagiotremus tapeinosoma,Pacific,Marquesas,Marquesan,Nuku Hiva,Marquesan,Marquesas,1,0,-140.1420882,-8.8604808,sequenced
Pta-093,Plagiotremus tapeinosoma,Pacific,Marquesas,Marquesan,Nuku Hiva,Marquesan,Marquesas,1,0,-140.1420882,-8.8604808,sequenced
Pta-094,Plagiotremus tapeinosoma,Pacific,Marquesas,Marquesan,Nuku Hiva,Marquesan,Marquesas,0,1,-140.1420882,-8.8604808,sequenced
Pta-095,Plagiotremus tapeinosoma,Pacific,Marquesas,Marquesan,Nuku Hiva,Marquesan,Marquesas,1,0,-140.1420882,-8.8604808,sequenced
Pta-096,Plagiotremus tapeinosoma,Pacific,Marquesas,Marquesan,Nuku Hiva,Marquesan,Marquesas,1,0,-140.1420882,-8.8604808,sequenced
Pta-097,Plagiotremus tapeinosoma,Pacific,Marquesas,Marquesan,Nuku Hiva,Marquesan,Marquesas,1,0,-140.1420882,-8.8604808,sequenced
Pta-098,Plagiotremus tapeinosoma,Pacific,Marquesas,Marquesan,Nuku Hiva,Marquesan,Marquesas,1,0,-140.1420882,-8.8604808,sequenced
Pta-099,Plagiotremus tapeinosoma,Pacific,Marquesas,Marquesan,Nuku Hiva,Marquesan,Marquesas,1,1,-140.1420882,-8.8604808,sequenced
Pta-100,Plagiotremus tapeinosoma,Pacific,Marquesas,Marquesan,Nuku Hiva,Marquesan,Marquesas,1,0,-140.1420882,-8.8604808,sequenced
Pta-101,Plagiotremus tapeinosoma,Pacific,Marquesas,Marquesan,Nuku Hiva,Marquesan,Marquesas,0,0,-140.1420882,-8.8604808,sequenced
Pta-102,Plagiotremus tapeinosoma,Pacific,Marquesas,Marquesan,Nuku Hiva,Marquesan,Marquesas,1,0,-140.1420882,-8.8604808,sequenced
Pta-103,Plagiotremus tapeinosoma,Pacific,Marquesas,Marquesan,Nuku Hiva,Marquesan,Marquesas,1,0,-140.1420882,-8.8604808,sequenced
Pta-104,Plagiotremus tapeinosoma,Pacific,Marquesas,Marquesan,Nuku Hiva,Marquesan,Marquesas,1,0,-140.1420882,-8.8604808,sequenced
Pta-105,Plagiotremus tapeinosoma,Pacific,Marquesas,Marquesan,Nuku Hiva,Marquesan,Marquesas,1,1,-140.1420882,-8.8604808,sequenced
Pta-106,Plagiotremus tapeinosoma,Pacific,Marquesas,Marquesan,Nuku Hiva,Marquesan,Marquesas,1,0,-140.1420882,-8.8604808,sequenced
Pta-109,Plagiotremus tapeinosoma,Pacific,Marquesas,Marquesan,Nuku Hiva,Marquesan,Marquesas,1,1,-140.1420882,-8.8604808,sequenced
Pta-110,Plagiotremus tapeinosoma,Pacific,Marquesas,Marquesan,Nuku Hiva,Marquesan,Marquesas,1,0,-140.1420882,-8.8604808,sequenced
Pta-111,Plagiotremus tapeinosoma,Pacific,Marquesas,Marquesan,Nuku Hiva,Marquesan,Marquesas,0,1,-140.1420882,-8.8604808,sequenced
Pta-113,Plagiotremus tapeinosoma,Pacific,Marquesas,Marquesan,Nuku Hiva,Marquesan,Marquesas,1,0,-140.1420882,-8.8604808,sequenced
Pta-114,Plagiotremus tapeinosoma,Pacific,Marquesas,Marquesan,Nuku Hiva,Marquesan,Marquesas,1,0,-140.1420882,-8.8604808,sequenced
Pew-004,Plagiotremus ewaensis,Pacific,United States,Northwestern Hawaiian Islands,French Frigate Shoals,Hawaiian,Hawaii,1,0,-166.146111,23.748889,sequenced
Pew-005,Plagiotremus ewaensis,Pacific,United States,Northwestern Hawaiian Islands,French Frigate Shoals,Hawaiian,Hawaii,0,0,-166.146111,23.748889,sequenced
Pew-006,Plagiotremus ewaensis,Pacific,United States,Northwestern Hawaiian Islands,Pearl and Hermes Reef,Hawaiian,Hawaii,1,0,-175.8333333,27.8333333,sequenced
Pew-007,Plagiotremus ewaensis,Pacific,United States,Northwestern Hawaiian Islands,French Frigate Shoals,Hawaiian,Hawaii,1,0,-166.146111,23.748889,sequenced
Pew-008,Plagiotremus ewaensis,Pacific,United States,Northwestern Hawaiian Islands,Pearl and Hermes Reef,Hawaiian,Hawaii,1,0,-175.8333333,27.8333333,sequenced
Pew-009,Plagiotremus ewaensis,Pacific,United States,Northwestern Hawaiian Islands,Pearl and Hermes Reef,Hawaiian,Hawaii,0,0,-175.8333333,27.8333333,sequenced
Pew-010,Plagiotremus ewaensis,Pacific,United States,Northwestern Hawaiian Islands,Pearl and Hermes Reef,Hawaiian,Hawaii,0,0,-175.8333333,27.8333333,sequenced
Pew-011,Plagiotremus ewaensis,Pacific,United States,Northwestern Hawaiian Islands,Pearl and Hermes Reef,Hawaiian,Hawaii,1,0,-175.8333333,27.8333333,sequenced
Pew-012,Plagiotremus ewaensis,Pacific,United States,Northwestern Hawaiian Islands,French Frigate Shoals,Hawaiian,Hawaii,1,0,-166.146111,23.748889,sequenced
Pew-013,Plagiotremus ewaensis,Pacific,United States,Northwestern Hawaiian Islands,French Frigate Shoals,Hawaiian,Hawaii,1,0,-166.146111,23.748889,sequenced
Pew-025,Plagiotremus ewaensis,Pacific,United States,Northwestern Hawaiian Islands,Gardner Pinnacles,Hawaiian,Hawaii,0,0,-167.9987546,24.9988106,sequenced
Pew-026,Plagiotremus ewaensis,Pacific,United States,Northwestern Hawaiian Islands,Laysan,Hawaiian,Hawaii,1,0,-171.7322061,25.7678534,sequenced
Pew-031,Plagiotremus ewaensis,Pacific,United States,Northwestern Hawaiian Islands,Midway Atoll,Hawaiian,Hawaii,0,0,-177.3734926,28.2072168,sequenced
Pew-032,Plagiotremus ewaensis,Pacific,United States,Northwestern Hawaiian Islands,Midway Atoll,Hawaiian,Hawaii,0,0,-177.3734926,28.2072168,sequenced
Pew-033,Plagiotremus ewaensis,Pacific,United States,Northwestern Hawaiian Islands,Pearl and Hermes Reef,Hawaiian,Hawaii,1,0,-175.8333333,27.8333333,sequenced
Pew-034,Plagiotremus ewaensis,Pacific,United States,Northwestern Hawaiian Islands,Pearl and Hermes Reef,Hawaiian,Hawaii,1,0,-175.8333333,27.8333333,sequenced
Pew-035,Plagiotremus ewaensis,Pacific,United States,Northwestern Hawaiian Islands,French Frigate Shoals,Hawaiian,Hawaii,0,0,-166.146111,23.748889,sequenced
Pew-041,Plagiotremus ewaensis,Pacific,United States,Northwestern Hawaiian Islands,Midway Atoll,Hawaiian,Hawaii,1,0,-177.3734926,28.2072168,sequenced
Pew-042,Plagiotremus ewaensis,Pacific,United States,Northwestern Hawaiian Islands,Midway Atoll,Hawaiian,Hawaii,1,0,-177.3734926,28.2072168,sequenced
Pew-043,Plagiotremus ewaensis,Pacific,United States,Northwestern Hawaiian Islands,Midway Atoll,Hawaiian,Hawaii,0,0,-177.3734926,28.2072168,sequenced
Pew-044,Plagiotremus ewaensis,Pacific,United States,Northwestern Hawaiian Islands,Midway Atoll,Hawaiian,Hawaii,0,0,-177.3734926,28.2072168,sequenced
Pew-045,Plagiotremus ewaensis,Pacific,United States,Northwestern Hawaiian Islands,Necker Island,Hawaiian,Hawaii,1,0,-164.7002777,23.5749114,sequenced
Pew-046,Plagiotremus ewaensis,Pacific,United States,Northwestern Hawaiian Islands,Necker Island,Hawaiian,Hawaii,0,0,-164.7002777,23.5749114,sequenced
Pew-047,Plagiotremus ewaensis,Pacific,United States,Northwestern Hawaiian Islands,Pearl and Hermes Reef,Hawaiian,Hawaii,0,0,-175.8333333,27.8333333,sequenced
Pew-048,Plagiotremus ewaensis,Pacific,United States,Northwestern Hawaiian Islands,Pearl and Hermes Reef,Hawaiian,Hawaii,1,0,-175.8333333,27.8333333,sequenced
Pew-049,Plagiotremus ewaensis,Pacific,United States,Northwestern Hawaiian Islands,Nihoa,Hawaiian,Hawaii,0,0,-161.9218243,23.0604578,sequenced
Pew-050,Plagiotremus ewaensis,Pacific,United States,Northwestern Hawaiian Islands,Nihoa,Hawaiian,Hawaii,0,0,-161.9218243,23.0604578,sequenced
Pew-051,Plagiotremus ewaensis,Pacific,United States,Northwestern Hawaiian Islands,Nihoa,Hawaiian,Hawaii,1,0,-161.9218243,23.0604578,sequenced
Pew-052,Plagiotremus ewaensis,Pacific,United States,Northwestern Hawaiian Islands,Nihoa,Hawaiian,Hawaii,1,0,-161.9218243,23.0604578,sequenced
Pew-053,Plagiotremus ewaensis,Pacific,United States,Northwestern Hawaiian Islands,Lisianski,Hawaiian,Hawaii,0,0,-173.9664886,26.0662286,sequenced
Pew-057,Plagiotremus ewaensis,Pacific,United States,Northwestern Hawaiian Islands,Midway Atoll,Hawaiian,Hawaii,1,0,-177.3734926,28.2072168,sequenced
Pew-058,Plagiotremus ewaensis,Pacific,United States,Northwestern Hawaiian Islands,Midway Atoll,Hawaiian,Hawaii,1,0,-177.3734926,28.2072168,sequenced
Pew-059,Plagiotremus ewaensis,Pacific,United States,Northwestern Hawaiian Islands,Midway Atoll,Hawaiian,Hawaii,0,0,-177.3734926,28.2072168,sequenced
Pew-060,Plagiotremus ewaensis,Pacific,United States,Northwestern Hawaiian Islands,Midway Atoll,Hawaiian,Hawaii,1,0,-177.3734926,28.2072168,sequenced
Pew-061,Plagiotremus ewaensis,Pacific,United States,Northwestern Hawaiian Islands,Midway Atoll,Hawaiian,Hawaii,1,0,-177.3734926,28.2072168,sequenced
Pew-062,Plagiotremus ewaensis,Pacific,United States,Northwestern Hawaiian Islands,Midway Atoll,Hawaiian,Hawaii,1,0,-177.3734926,28.2072168,sequenced
Pew-063,Plagiotremus ewaensis,Pacific,United States,Northwestern Hawaiian Islands,Midway Atoll,Hawaiian,Hawaii,1,0,-177.3734926,28.2072168,sequenced
Pew-064,Plagiotremus ewaensis,Pacific,United States,Northwestern Hawaiian Islands,Midway Atoll,Hawaiian,Hawaii,1,0,-177.3734926,28.2072168,sequenced
Pew-065,Plagiotremus ewaensis,Pacific,United States,Northwestern Hawaiian Islands,Midway Atoll,Hawaiian,Hawaii,1,0,-177.3734926,28.2072168,sequenced
Pew-066,Plagiotremus ewaensis,Pacific,United States,Northwestern Hawaiian Islands,Midway Atoll,Hawaiian,Hawaii,0,0,-177.3734926,28.2072168,sequenced
Pew-067,Plagiotremus ewaensis,Pacific,United States,Northwestern Hawaiian Islands,Midway Atoll,Hawaiian,Hawaii,1,0,-177.3734926,28.2072168,sequenced
Pew-068,Plagiotremus ewaensis,Pacific,United States,Northwestern Hawaiian Islands,Midway Atoll,Hawaiian,Hawaii,1,0,-177.3734926,28.2072168,sequenced
Pew-069,Plagiotremus ewaensis,Pacific,United States,Northwestern Hawaiian Islands,Midway Atoll,Hawaiian,Hawaii,1,0,-177.3734926,28.2072168,sequenced
Pew-070,Plagiotremus ewaensis,Pacific,United States,Northwestern Hawaiian Islands,Nihoa,Hawaiian,Hawaii,1,0,-161.9218243,23.0604578,sequenced
Pew-071,Plagiotremus ewaensis,Pacific,United States,Northwestern Hawaiian Islands,Nihoa,Hawaiian,Hawaii,1,0,-161.9218243,23.0604578,sequenced
Pgo-001,Plagiotremus goslinei,Pacific,United States,Northwestern Hawaiian Islands,Maro Reef,Hawaiian,Hawaii,1,1,-170.59,25.415,sequenced
Pgo-002,Plagiotremus goslinei,Pacific,United States,Northwestern Hawaiian Islands,Maro Reef,Hawaiian,Hawaii,1,1,-170.59,25.415,sequenced
Pgo-003,Plagiotremus goslinei,Pacific,United States,Northwestern Hawaiian Islands,Maro Reef,Hawaiian,Hawaii,1,1,-170.59,25.415,sequenced
Pgo-004,Plagiotremus goslinei,Pacific,United States,Northwestern Hawaiian Islands,Maro Reef,Hawaiian,Hawaii,1,1,-170.59,25.415,sequenced
Pgo-005,Plagiotremus goslinei,Pacific,United States,Northwestern Hawaiian Islands,Maro Reef,Hawaiian,Hawaii,1,1,-170.59,25.415,sequenced
Pgo-006,Plagiotremus goslinei,Pacific,United States,Northwestern Hawaiian Islands,Maro Reef,Hawaiian,Hawaii,1,1,-170.59,25.415,sequenced
Pgo-007,Plagiotremus goslinei,Pacific,United States,Northwestern Hawaiian Islands,Maro Reef,Hawaiian,Hawaii,1,1,-170.59,25.415,sequenced
Pgo-008,Plagiotremus goslinei,Pacific,United States,Northwestern Hawaiian Islands,Maro Reef,Hawaiian,Hawaii,1,1,-170.59,25.415,sequenced
Pgo-009,Plagiotremus goslinei,Pacific,United States,Northwestern Hawaiian Islands,Maro Reef,Hawaiian,Hawaii,1,1,-170.59,25.415,sequenced
Pgo-010,Plagiotremus goslinei,Pacific,United States,Northwestern Hawaiian Islands,Maro Reef,Hawaiian,Hawaii,1,1,-170.59,25.415,sequenced
Pgo-011,Plagiotremus goslinei,Pacific,United States,Northwestern Hawaiian Islands,Maro Reef,Hawaiian,Hawaii,1,1,-170.59,25.415,sequenced
Pgo-012,Plagiotremus goslinei,Pacific,United States,Northwestern Hawaiian Islands,Maro Reef,Hawaiian,Hawaii,1,1,-170.59,25.415,sequenced
Pgo-013,Plagiotremus goslinei,Pacific,United States,Northwestern Hawaiian Islands,Maro Reef,Hawaiian,Hawaii,1,1,-170.59,25.415,sequenced
Pgo-014,Plagiotremus goslinei,Pacific,United States,Northwestern Hawaiian Islands,Midway Atoll,Hawaiian,Hawaii,1,0,-177.3734926,28.2072168,sequenced
Pgo-015,Plagiotremus goslinei,Pacific,United States,Northwestern Hawaiian Islands,Midway Atoll,Hawaiian,Hawaii,1,1,-177.3734926,28.2072168,sequenced
Pgo-016,Plagiotremus goslinei,Pacific,United States,Northwestern Hawaiian Islands,French Frigate Shoals,Hawaiian,Hawaii,1,0,-166.146111,23.748889,sequenced
Pgo-017,Plagiotremus goslinei,Pacific,United States,Northwestern Hawaiian Islands,French Frigate Shoals,Hawaiian,Hawaii,1,1,-166.146111,23.748889,sequenced
Pgo-030,Plagiotremus goslinei,Pacific,United States,Northwestern Hawaiian Islands,Nihoa,Hawaiian,Hawaii,1,0,-161.9218243,23.0604578,sequenced
Pgo-031,Plagiotremus goslinei,Pacific,United States,Northwestern Hawaiian Islands,Midway Atoll,Hawaiian,Hawaii,0,1,-177.3734926,28.2072168,sequenced
Pgo-032,Plagiotremus goslinei,Pacific,United States,Northwestern Hawaiian Islands,Midway Atoll,Hawaiian,Hawaii,1,0,-177.3734926,28.2072168,sequenced
Pgo-033,Plagiotremus goslinei,Pacific,United States,Northwestern Hawaiian Islands,French Frigate Shoals,Hawaiian,Hawaii,1,1,-166.146111,23.748889,sequenced
Pgo-034,Plagiotremus goslinei,Pacific,United States,Northwestern Hawaiian Islands,French Frigate Shoals,Hawaiian,Hawaii,1,1,-166.146111,23.748889,sequenced
Pgo-035,Plagiotremus goslinei,Pacific,United States,Northwestern Hawaiian Islands,French Frigate Shoals,Hawaiian,Hawaii,0,1,-166.146111,23.748889,sequenced
Pgo-036,Plagiotremus goslinei,Pacific,United States,Northwestern Hawaiian Islands,French Frigate Shoals,Hawaiian,Hawaii,0,1,-166.146111,23.748889,sequenced
Pgo-037,Plagiotremus goslinei,Pacific,United States,Northwestern Hawaiian Islands,French Frigate Shoals,Hawaiian,Hawaii,0,1,-166.146111,23.748889,sequenced
Pgo-039,Plagiotremus goslinei,Pacific,United States,Northwestern Hawaiian Islands,Midway Atoll,Hawaiian,Hawaii,1,1,-177.3734926,28.2072168,sequenced
Pgo-040,Plagiotremus goslinei,Pacific,United States,Northwestern Hawaiian Islands,Midway Atoll,Hawaiian,Hawaii,1,1,-177.3734926,28.2072168,sequenced
Pgo-041,Plagiotremus goslinei,Pacific,United States,Northwestern Hawaiian Islands,Midway Atoll,Hawaiian,Hawaii,1,1,-177.3734926,28.2072168,sequenced
Pgo-042,Plagiotremus goslinei,Pacific,United States,Northwestern Hawaiian Islands,Midway Atoll,Hawaiian,Hawaii,0,1,-177.3734926,28.2072168,sequenced
Pgo-043,Plagiotremus goslinei,Pacific,United States,Northwestern Hawaiian Islands,Midway Atoll,Hawaiian,Hawaii,0,1,-177.3734926,28.2072168,sequenced
Pgo-044,Plagiotremus goslinei,Pacific,United States,Northwestern Hawaiian Islands,Midway Atoll,Hawaiian,Hawaii,1,1,-177.3734926,28.2072168,sequenced
Pgo-045,Plagiotremus goslinei,Pacific,United States,Northwestern Hawaiian Islands,Midway Atoll,Hawaiian,Hawaii,1,1,-177.3734926,28.2072168,sequenced
Pgo-046,Plagiotremus goslinei,Pacific,United States,Northwestern Hawaiian Islands,French Frigate Shoals,Hawaiian,Hawaii,1,1,-166.146111,23.748889,sequenced
Pgo-047,Plagiotremus goslinei,Pacific,United States,Northwestern Hawaiian Islands,French Frigate Shoals,Hawaiian,Hawaii,1,1,-166.146111,23.748889,sequenced
Pgo-048,Plagiotremus goslinei,Pacific,United States,Northwestern Hawaiian Islands,French Frigate Shoals,Hawaiian,Hawaii,1,1,-166.146111,23.748889,sequenced
Pgo-049,Plagiotremus goslinei,Pacific,United States,Northwestern Hawaiian Islands,French Frigate Shoals,Hawaiian,Hawaii,1,1,-166.146111,23.748889,sequenced
Pgo-053,Plagiotremus goslinei,Pacific,United States,Northwestern Hawaiian Islands,Midway Atoll,Hawaiian,Hawaii,0,1,-177.3734926,28.2072168,sequenced
Pgo-054,Plagiotremus goslinei,Pacific,United States,Northwestern Hawaiian Islands,French Frigate Shoals,Hawaiian,Hawaii,1,1,-166.146111,23.748889,sequenced
Pgo-055,Plagiotremus goslinei,Pacific,United States,Northwestern Hawaiian Islands,French Frigate Shoals,Hawaiian,Hawaii,0,1,-166.146111,23.748889,sequenced
Pgo-056,Plagiotremus goslinei,Pacific,United States,Northwestern Hawaiian Islands,French Frigate Shoals,Hawaiian,Hawaii,1,1,-166.146111,23.748889,sequenced
Pgo-057,Plagiotremus goslinei,Pacific,United States,Northwestern Hawaiian Islands,Midway Atoll,Hawaiian,Hawaii,1,1,-177.3734926,28.2072168,sequenced
Pgo-059,Plagiotremus goslinei,Pacific,United States,Northwestern Hawaiian Islands,French Frigate Shoals,Hawaiian,Hawaii,0,0,-166.146111,23.748889,sequenced
Pgo-061,Plagiotremus goslinei,Pacific,United States,Northwestern Hawaiian Islands,Kure Atoll,Hawaiian,Hawaii,0,1,-178.2935519,28.392533,sequenced
Pgo-064,Plagiotremus goslinei,Pacific,United States,Northwestern Hawaiian Islands,Kure Atoll,Hawaiian,Hawaii,0,1,-178.2935519,28.392533,sequenced
Pgo-067,Plagiotremus goslinei,Pacific,United States,Northwestern Hawaiian Islands,Midway Atoll,Hawaiian,Hawaii,0,1,-177.3734926,28.2072168,sequenced
Pgo-068,Plagiotremus goslinei,Pacific,United States,Northwestern Hawaiian Islands,Midway Atoll,Hawaiian,Hawaii,0,1,-177.3734926,28.2072168,sequenced
Pgo-069,Plagiotremus goslinei,Pacific,United States,Northwestern Hawaiian Islands,Midway Atoll,Hawaiian,Hawaii,0,1,-177.3734926,28.2072168,sequenced
Pgo-070,Plagiotremus goslinei,Pacific,United States,Northwestern Hawaiian Islands,Midway Atoll,Hawaiian,Hawaii,0,1,-177.3734926,28.2072168,sequenced
Pgo-071,Plagiotremus goslinei,Pacific,United States,Northwestern Hawaiian Islands,Midway Atoll,Hawaiian,Hawaii,0,1,-177.3734926,28.2072168,sequenced
Pgo-072,Plagiotremus goslinei,Pacific,United States,Northwestern Hawaiian Islands,Laysan,Hawaiian,Hawaii,1,1,-171.7322061,25.7678534,sequenced
Pgo-073,Plagiotremus goslinei,Pacific,United States,Northwestern Hawaiian Islands,French Frigate Shoals,Hawaiian,Hawaii,0,1,-166.146111,23.748889,sequenced
Pgo-074,Plagiotremus goslinei,Pacific,United States,Northwestern Hawaiian Islands,French Frigate Shoals,Hawaiian,Hawaii,0,1,-166.146111,23.748889,sequenced
Pgo-075,Plagiotremus goslinei,Pacific,United States,Northwestern Hawaiian Islands,Midway Atoll,Hawaiian,Hawaii,0,1,-177.3734926,28.2072168,sequenced
Pgo-076,Plagiotremus goslinei,Pacific,United States,Northwestern Hawaiian Islands,Midway Atoll,Hawaiian,Hawaii,0,1,-177.3734926,28.2072168,sequenced
Pgo-077,Plagiotremus goslinei,Pacific,United States,Northwestern Hawaiian Islands,Midway Atoll,Hawaiian,Hawaii,0,0,-177.3734926,28.2072168,sequenced
Pgo-078,Plagiotremus goslinei,Pacific,United States,Northwestern Hawaiian Islands,Kure Atoll,Hawaiian,Hawaii,1,1,-178.2935519,28.392533,sequenced
Pgo-079,Plagiotremus goslinei,Pacific,United States,Northwestern Hawaiian Islands,Kure Atoll,Hawaiian,Hawaii,0,1,-178.2935519,28.392533,sequenced
Pgo-080,Plagiotremus goslinei,Pacific,United States,Northwestern Hawaiian Islands,Necker Island,Hawaiian,Hawaii,0,1,-164.7002777,23.5749114,sequenced
Pgo-081,Plagiotremus goslinei,Pacific,United States,Northwestern Hawaiian Islands,Necker Island,Hawaiian,Hawaii,0,1,-164.7002777,23.5749114,sequenced
Pgo-082,Plagiotremus goslinei,Pacific,United States,Northwestern Hawaiian Islands,Midway Atoll,Hawaiian,Hawaii,0,1,-177.3734926,28.2072168,sequenced
Pgo-086,Plagiotremus goslinei,Pacific,United States,Northwestern Hawaiian Islands,Nihoa,Hawaiian,Hawaii,1,1,-161.9218243,23.0604578,sequenced
Pgo-087,Plagiotremus goslinei,Pacific,United States,Northwestern Hawaiian Islands,Nihoa,Hawaiian,Hawaii,0,1,-161.9218243,23.0604578,sequenced
Pgo-088,Plagiotremus goslinei,Pacific,United States,Northwestern Hawaiian Islands,Nihoa,Hawaiian,Hawaii,1,1,-161.9218243,23.0604578,sequenced
Pgo-089,Plagiotremus goslinei,Pacific,United States,Northwestern Hawaiian Islands,Nihoa,Hawaiian,Hawaii,0,1,-161.9218243,23.0604578,sequenced
Pgo-090,Plagiotremus goslinei,Pacific,United States,Northwestern Hawaiian Islands,Nihoa,Hawaiian,Hawaii,1,1,-161.9218243,23.0604578,sequenced
Pgo-091,Plagiotremus goslinei,Pacific,United States,Northwestern Hawaiian Islands,Nihoa,Hawaiian,Hawaii,0,1,-161.9218243,23.0604578,sequenced
Pgo-092,Plagiotremus goslinei,Pacific,United States,Northwestern Hawaiian Islands,Nihoa,Hawaiian,Hawaii,0,1,-161.9218243,23.0604578,sequenced
Pgo-093,Plagiotremus goslinei,Pacific,United States,Northwestern Hawaiian Islands,Nihoa,Hawaiian,Hawaii,1,1,-161.9218243,23.0604578,sequenced
Pgo-094,Plagiotremus goslinei,Pacific,United States,Northwestern Hawaiian Islands,Nihoa,Hawaiian,Hawaii,1,1,-161.9218243,23.0604578,sequenced
Pgo-095,Plagiotremus goslinei,Pacific,United States,Northwestern Hawaiian Islands,Nihoa,Hawaiian,Hawaii,1,1,-161.9218243,23.0604578,sequenced
Pgo-096,Plagiotremus goslinei,Pacific,United States,Northwestern Hawaiian Islands,Nihoa,Hawaiian,Hawaii,1,1,-161.9218243,23.0604578,sequenced
Pgo-097,Plagiotremus goslinei,Pacific,United States,Northwestern Hawaiian Islands,Nihoa,Hawaiian,Hawaii,0,0,-161.9218243,23.0604578,sequenced
Pgo-098,Plagiotremus goslinei,Pacific,United States,Northwestern Hawaiian Islands,Nihoa,Hawaiian,Hawaii,0,0,-161.9218243,23.0604578,sequenced
Pgo-099,Plagiotremus goslinei,Pacific,United States,Northwestern Hawaiian Islands,Midway Atoll,Hawaiian,Hawaii,0,0,-177.3734926,28.2072168,sequenced
Pgo-100,Plagiotremus goslinei,Pacific,United States,Northwestern Hawaiian Islands,French Frigate Shoals,Hawaiian,Hawaii,0,1,-166.146111,23.748889,sequenced
Pgo-101,Plagiotremus goslinei,Pacific,United States,Northwestern Hawaiian Islands,French Frigate Shoals,Hawaiian,Hawaii,1,0,-166.146111,23.748889,sequenced
Pgo-102,Plagiotremus goslinei,Pacific,United States,Northwestern Hawaiian Islands,French Frigate Shoals,Hawaiian,Hawaii,0,0,-166.146111,23.748889,sequenced
Pta-129,Plagiotremus tapeinosoma,Red Sea,Israel,North-western Indian,Gulf of Aqaba,North-western Indian,Red Sea and Gulf of Aden,1,1,34.7298765,28.6929261,sequenced
Pta-130,Plagiotremus tapeinosoma,Red Sea,Israel,North-western Indian,Gulf of Aqaba,North-western Indian,Red Sea and Gulf of Aden,0,1,34.7298765,28.6929261,sequenced
Prh-041,Plagiotremus rhinorhynchos,Red Sea,Saudi Arabia,North-western Indian,North,North-western Indian,Red Sea and Gulf of Aden,1,0,39.108097,21.730592,sequenced
Prh-043,Plagiotremus rhinorhynchos,Red Sea,Saudi Arabia,North-western Indian,North,North-western Indian,Red Sea and Gulf of Aden,1,0,39.108097,21.730592,sequenced
Prh-045,Plagiotremus rhinorhynchos,Red Sea,Saudi Arabia,North-western Indian,North,North-western Indian,Red Sea and Gulf of Aden,1,0,39.108097,21.730592,sequenced
Pta-082,Plagiotremus tapeinosoma,Red Sea,Saudi Arabia,North-western Indian,Thuwal,North-western Indian,Red Sea and Gulf of Aden,0,1,39.1132757,22.2756562,sequenced
Pta-083,Plagiotremus tapeinosoma,Red Sea,Saudi Arabia,North-western Indian,Thuwal,North-western Indian,Red Sea and Gulf of Aden,1,1,39.1132757,22.2756562,sequenced
Pta-084,Plagiotremus tapeinosoma,Red Sea,Saudi Arabia,North-western Indian,Thuwal,North-western Indian,Red Sea and Gulf of Aden,1,1,39.1132757,22.2756562,sequenced
Pta-085,Plagiotremus tapeinosoma,Red Sea,Saudi Arabia,North-western Indian,Al Lith,North-western Indian,Red Sea and Gulf of Aden,1,0,40.2782239,20.1405331,sequenced
Pta-124,Plagiotremus tapeinosoma,Red Sea,Saudi Arabia,North-western Indian,Thuwal,North-western Indian,Red Sea and Gulf of Aden,0,1,39.1132757,22.2756562,sequenced
Pta-125,Plagiotremus tapeinosoma,Red Sea,Saudi Arabia,North-western Indian,Thuwal,North-western Indian,Red Sea and Gulf of Aden,0,1,39.1132757,22.2756562,sequenced
Pta-126,Plagiotremus tapeinosoma,Red Sea,Saudi Arabia,North-western Indian,Jazair Silah,North-western Indian,Red Sea and Gulf of Aden,1,1,38.512573,20.280232,sequenced
Pta-127,Plagiotremus tapeinosoma,Red Sea,Saudi Arabia,North-western Indian,Shib Pelham,North-western Indian,Red Sea and Gulf of Aden,0,1,38.512573,20.280232,sequenced
Pta-128,Plagiotremus tapeinosoma,Red Sea,Saudi Arabia,North-western Indian,Shib Pelham,North-western Indian,Red Sea and Gulf of Aden,1,1,38.512573,20.280232,sequenced
Pta-115,Plagiotremus tapeinosoma,Pacific,Cook Islands,Polynesian,Rarotonga,Polynesian,Southeast Polynesia,0,1,-159.7719348,-21.2077442,sequenced
Pta-116,Plagiotremus tapeinosoma,Pacific,Cook Islands,Polynesian,Rarotonga,Polynesian,Southeast Polynesia,1,1,-159.7719348,-21.2077442,sequenced
Pta-117,Plagiotremus tapeinosoma,Pacific,Cook Islands,Polynesian,Rarotonga,Polynesian,Southeast Polynesia,0,1,-159.7719348,-21.2077442,sequenced
Pta-118,Plagiotremus tapeinosoma,Pacific,Cook Islands,Polynesian,Rarotonga,Polynesian,Southeast Polynesia,1,1,-159.7719348,-21.2077442,sequenced
Pta-119,Plagiotremus tapeinosoma,Pacific,Cook Islands,Polynesian,Rarotonga,Polynesian,Southeast Polynesia,1,1,-159.7719348,-21.2077442,sequenced
Pta-120,Plagiotremus tapeinosoma,Pacific,Cook Islands,Polynesian,Rarotonga,Polynesian,Southeast Polynesia,1,1,-159.7719348,-21.2077442,sequenced
Pta-121,Plagiotremus tapeinosoma,Pacific,Cook Islands,Polynesian,Rarotonga,Polynesian,Southeast Polynesia,1,1,-159.7719348,-21.2077442,sequenced
Pta-019,Plagiotremus tapeinosoma,Pacific,French Polynesia,Polynesian,Moorea,Polynesian,Southeast Polynesia,1,1,-149.8295234,-17.5388435,sequenced
Pta-020,Plagiotremus tapeinosoma,Pacific,French Polynesia,Polynesian,Moorea,Polynesian,Southeast Polynesia,1,1,-149.8295234,-17.5388435,sequenced
Pta-021,Plagiotremus tapeinosoma,Pacific,French Polynesia,Polynesian,Moorea,Polynesian,Southeast Polynesia,1,1,-149.8295234,-17.5388435,sequenced
Pta-022,Plagiotremus tapeinosoma,Pacific,French Polynesia,Polynesian,Moorea,Polynesian,Southeast Polynesia,1,1,-149.8295234,-17.5388435,sequenced
Pta-023,Plagiotremus tapeinosoma,Pacific,French Polynesia,Polynesian,Moorea,Polynesian,Southeast Polynesia,1,1,-149.8295234,-17.5388435,sequenced
Pta-024,Plagiotremus tapeinosoma,Pacific,French Polynesia,Polynesian,Moorea,Polynesian,Southeast Polynesia,1,1,-149.8295234,-17.5388435,sequenced
Pta-025,Plagiotremus tapeinosoma,Pacific,French Polynesia,Polynesian,Moorea,Polynesian,Southeast Polynesia,1,1,-149.8295234,-17.5388435,sequenced
Pta-026,Plagiotremus tapeinosoma,Pacific,French Polynesia,Polynesian,Moorea,Polynesian,Southeast Polynesia,1,1,-149.8295234,-17.5388435,sequenced
Pta-027,Plagiotremus tapeinosoma,Pacific,French Polynesia,Polynesian,Moorea,Polynesian,Southeast Polynesia,1,1,-149.8295234,-17.5388435,sequenced
Pta-028,Plagiotremus tapeinosoma,Pacific,French Polynesia,Polynesian,Moorea,Polynesian,Southeast Polynesia,1,1,-149.8295234,-17.5388435,sequenced
Pta-029,Plagiotremus tapeinosoma,Pacific,French Polynesia,Polynesian,Moorea,Polynesian,Southeast Polynesia,0,1,-149.8295234,-17.5388435,sequenced
Pta-030,Plagiotremus tapeinosoma,Pacific,French Polynesia,Polynesian,Moorea,Polynesian,Southeast Polynesia,0,1,-149.8295234,-17.5388435,sequenced
Pta-031,Plagiotremus tapeinosoma,Pacific,French Polynesia,Polynesian,Moorea,Polynesian,Southeast Polynesia,1,1,-149.8295234,-17.5388435,sequenced
Pta-032,Plagiotremus tapeinosoma,Pacific,French Polynesia,Polynesian,Moorea,Polynesian,Southeast Polynesia,1,1,-149.8295234,-17.5388435,sequenced
Pta-033,Plagiotremus tapeinosoma,Pacific,French Polynesia,Polynesian,Moorea,Polynesian,Southeast Polynesia,1,1,-149.8295234,-17.5388435,sequenced
Pta-034,Plagiotremus tapeinosoma,Pacific,French Polynesia,Polynesian,Moorea,Polynesian,Southeast Polynesia,1,0,-149.8295234,-17.5388435,sequenced
Prh-038,Plagiotremus rhinorhynchos,Pacific,Fiji,Central Pacific,Viti Levu,Central Pacific,Tropical Southwestern Pacific,0,0,178.0118473,-17.8483187,sequenced
Prh-BLN0935,Plagiotremus rhinorhynchos,Pacific,Japan,Central Indo-Pacific,Okinawa,Central Indo-Pacific,South Kuroshio,1,0,128.264716,26.872109,sequenced
Pta-BLN0771,Plagiotremus tapeinosoma,Pacific,Japan,Central Indo-Pacific,Okinawa,Central Indo-Pacific,South Kuroshio,1,0,128.264716,26.872109,sequenced
Pta-BLN0831,Plagiotremus tapeinosoma,Pacific,Japan,Central Indo-Pacific,Okinawa,Central Indo-Pacific,South Kuroshio,1,0,128.264716,26.872109,sequenced
Pta-BLN0875,Plagiotremus tapeinosoma,Pacific,Japan,Central Indo-Pacific,Okinawa,Central Indo-Pacific,South Kuroshio,1,0,128.264716,26.872109,sequenced
Prh-001,Plagiotremus rhinorhynchos,Pacific,Palau,Central Pacific,Palau,Central Pacific,Tropical Northwestern Pacific,0,0,134.58252,7.51498,sequenced
Prh-002,Plagiotremus rhinorhynchos,Pacific,Palau,Central Pacific,Palau,Central Pacific,Tropical Northwestern Pacific,1,0,134.58252,7.51498,sequenced
Prh-003,Plagiotremus rhinorhynchos,Pacific,Palau,Central Pacific,Palau,Central Pacific,Tropical Northwestern Pacific,1,0,134.58252,7.51498,sequenced
Prh-004,Plagiotremus rhinorhynchos,Pacific,Palau,Central Pacific,Palau,Central Pacific,Tropical Northwestern Pacific,1,0,134.58252,7.51498,sequenced
Prh-005,Plagiotremus rhinorhynchos,Pacific,Palau,Central Pacific,Palau,Central Pacific,Tropical Northwestern Pacific,0,0,134.58252,7.51498,sequenced
Prh-006,Plagiotremus rhinorhynchos,Pacific,Palau,Central Pacific,Palau,Central Pacific,Tropical Northwestern Pacific,0,0,134.58252,7.51498,sequenced
Prh-007,Plagiotremus rhinorhynchos,Pacific,Palau,Central Pacific,Palau,Central Pacific,Tropical Northwestern Pacific,1,0,134.58252,7.51498,sequenced
Prh-008,Plagiotremus rhinorhynchos,Pacific,Palau,Central Pacific,Palau,Central Pacific,Tropical Northwestern Pacific,1,0,134.58252,7.51498,sequenced
Pta-014,Plagiotremus tapeinosoma,Pacific,Palau,Central Pacific,Palau,Central Pacific,Tropical Northwestern Pacific,1,0,134.58252,7.51498,sequenced
Pta-015,Plagiotremus tapeinosoma,Pacific,Palau,Central Pacific,Palau,Central Pacific,Tropical Northwestern Pacific,1,1,134.58252,7.51498,sequenced
Pta-016,Plagiotremus tapeinosoma,Pacific,Palau,Central Pacific,Palau,Central Pacific,Tropical Northwestern Pacific,0,0,134.58252,7.51498,sequenced
Pta-017,Plagiotremus tapeinosoma,Pacific,Palau,Central Pacific,Palau,Central Pacific,Tropical Northwestern Pacific,0,0,134.58252,7.51498,sequenced
Pta-018,Plagiotremus tapeinosoma,Pacific,Palau,Central Pacific,Palau,Central Pacific,Tropical Northwestern Pacific,1,0,134.58252,7.51498,sequenced
Pta-013,Plagiotremus tapeinosoma,Pacific,Republic of the Marshall Islands,Central Pacific,Kwajalein,Central Pacific,"Marshall, Gilbert and Ellis Islands",1,1,167.733333,8.716667,sequenced
Pta-060,Plagiotremus tapeinosoma,Pacific,Republic of the Marshall Islands,Central Pacific,Kwajalein,Central Pacific,"Marshall, Gilbert and Ellis Islands",1,0,167.733333,8.716667,sequenced
Pta-061,Plagiotremus tapeinosoma,Pacific,Republic of the Marshall Islands,Central Pacific,Kwajalein,Central Pacific,"Marshall, Gilbert and Ellis Islands",1,0,167.733333,8.716667,sequenced
Pta-062,Plagiotremus tapeinosoma,Pacific,Republic of the Marshall Islands,Central Pacific,Kwajalein,Central Pacific,"Marshall, Gilbert and Ellis Islands",1,0,167.733333,8.716667,sequenced
Pta-063,Plagiotremus tapeinosoma,Pacific,Republic of the Marshall Islands,Central Pacific,Kwajalein,Central Pacific,"Marshall, Gilbert and Ellis Islands",1,0,167.733333,8.716667,sequenced
Pta-064,Plagiotremus tapeinosoma,Pacific,Republic of the Marshall Islands,Central Pacific,Kwajalein,Central Pacific,"Marshall, Gilbert and Ellis Islands",0,0,167.733333,8.716667,sequenced
Pta-065,Plagiotremus tapeinosoma,Pacific,Republic of the Marshall Islands,Central Pacific,Kwajalein,Central Pacific,"Marshall, Gilbert and Ellis Islands",0,0,167.733333,8.716667,sequenced
Pta-066,Plagiotremus tapeinosoma,Pacific,Republic of the Marshall Islands,Central Pacific,Kwajalein,Central Pacific,"Marshall, Gilbert and Ellis Islands",0,0,167.733333,8.716667,sequenced
Pta-067,Plagiotremus tapeinosoma,Pacific,Republic of the Marshall Islands,Central Pacific,Kwajalein,Central Pacific,"Marshall, Gilbert and Ellis Islands",0,0,167.733333,8.716667,sequenced
Pta-068,Plagiotremus tapeinosoma,Pacific,Republic of the Marshall Islands,Central Pacific,Kwajalein,Central Pacific,"Marshall, Gilbert and Ellis Islands",0,0,167.733333,8.716667,sequenced
Pta-069,Plagiotremus tapeinosoma,Pacific,Republic of the Marshall Islands,Central Pacific,Kwajalein,Central Pacific,"Marshall, Gilbert and Ellis Islands",0,0,167.733333,8.716667,sequenced
Pta-070,Plagiotremus tapeinosoma,Pacific,Republic of the Marshall Islands,Central Pacific,Kwajalein,Central Pacific,"Marshall, Gilbert and Ellis Islands",0,0,167.733333,8.716667,sequenced
Pta-071,Plagiotremus tapeinosoma,Pacific,Republic of the Marshall Islands,Central Pacific,Kwajalein,Central Pacific,"Marshall, Gilbert and Ellis Islands",0,0,167.733333,8.716667,sequenced
Pta-075,Plagiotremus tapeinosoma,Pacific,Republic of the Marshall Islands,Central Pacific,Kwajalein,Central Pacific,"Marshall, Gilbert and Ellis Islands",0,0,167.733333,8.716667,sequenced
Pta-076,Plagiotremus tapeinosoma,Pacific,Republic of the Marshall Islands,Central Pacific,Kwajalein,Central Pacific,"Marshall, Gilbert and Ellis Islands",0,0,167.733333,8.716667,sequenced
Pta-077,Plagiotremus tapeinosoma,Pacific,Republic of the Marshall Islands,Central Pacific,Kwajalein,Central Pacific,"Marshall, Gilbert and Ellis Islands",0,0,167.733333,8.716667,sequenced
Pta-078,Plagiotremus tapeinosoma,Pacific,Republic of the Marshall Islands,Central Pacific,Majuro,Central Pacific,"Marshall, Gilbert and Ellis Islands",0,1,171.184478,7.131474,sequenced
Prh-009,Plagiotremus rhinorhynchos,Indian,Seychelles,Western Indian,Anse Soleil,Western Indian,Western Indian Ocean,1,0,55.4649887,-4.7458395,sequenced
Prh-010,Plagiotremus rhinorhynchos,Indian,Seychelles,Western Indian,Anse Soleil,Western Indian,Western Indian Ocean,0,0,55.4649887,-4.7458395,sequenced
Prh-011,Plagiotremus rhinorhynchos,Indian,Seychelles,Western Indian,Anse Royale,Western Indian,Western Indian Ocean,1,0,55.5204574,-4.7329678,sequenced
Prh-012,Plagiotremus rhinorhynchos,Indian,Seychelles,Western Indian,Anse Major,Western Indian,Western Indian Ocean,0,0,55.3853876,-4.6265178,sequenced
Prh-013,Plagiotremus rhinorhynchos,Indian,Seychelles,Western Indian,Anse Forbans,Western Indian,Western Indian Ocean,1,0,55.5261143,-4.7755883,sequenced
Prh-014,Plagiotremus rhinorhynchos,Indian,Seychelles,Western Indian,Anse Forbans,Western Indian,Western Indian Ocean,1,0,55.5261143,-4.7755883,sequenced
Prh-015,Plagiotremus rhinorhynchos,Indian,Seychelles,Western Indian,Anse Forbans,Western Indian,Western Indian Ocean,1,0,55.5261143,-4.7755883,sequenced
Prh-016,Plagiotremus rhinorhynchos,Indian,Seychelles,Western Indian,Lislette,Western Indian,Western Indian Ocean,1,0,55.4660072,-4.7542939,sequenced
Prh-040,Plagiotremus rhinorhynchos,Indian,Seychelles,Western Indian,Seychelles,Western Indian,Western Indian Ocean,1,0,55.491977,-4.679574,sequenced
Pta-035,Plagiotremus tapeinosoma,Indian,Seychelles,Western Indian,Anse Takamaka,Western Indian,Western Indian Ocean,1,1,55.4944673,-4.7760187,sequenced
Pta-036,Plagiotremus tapeinosoma,Indian,Seychelles,Western Indian,Lislette,Western Indian,Western Indian Ocean,1,1,55.4660072,-4.7542939,sequenced
Pta-037,Plagiotremus tapeinosoma,Indian,Seychelles,Western Indian,Lislette,Western Indian,Western Indian Ocean,1,1,55.4660072,-4.7542939,sequenced
Pta-038,Plagiotremus tapeinosoma,Indian,Seychelles,Western Indian,Lislette,Western Indian,Western Indian Ocean,1,1,55.4660072,-4.7542939,sequenced
Pta-039,Plagiotremus tapeinosoma,Indian,Seychelles,Western Indian,Anse Soleil,Western Indian,Western Indian Ocean,1,0,55.4649887,-4.7458395,sequenced
Pta-040,Plagiotremus tapeinosoma,Indian,Seychelles,Western Indian,Mahe,Western Indian,Western Indian Ocean,0,0,55.480396,-4.6826693,sequenced
Pta-041,Plagiotremus tapeinosoma,Indian,Seychelles,Western Indian,Mahe,Western Indian,Western Indian Ocean,0,0,55.480396,-4.6826693,sequenced
Pta-042,Plagiotremus tapeinosoma,Indian,Seychelles,Western Indian,Anse Forbans,Western Indian,Western Indian Ocean,1,0,55.5261143,-4.7755883,sequenced
Pta-043,Plagiotremus tapeinosoma,Indian,Seychelles,Western Indian,Anse Forbans,Western Indian,Western Indian Ocean,0,1,55.5261143,-4.7755883,sequenced
Prh-017,Plagiotremus rhinorhynchos,Indian,South Africa,Western Indian,KwaZulu-Natal,Western Indian,Western Indian Ocean,0,0,30.8958242,-28.5305539,sequenced
Prh-018,Plagiotremus rhinorhynchos,Indian,South Africa,Western Indian,KwaZulu-Natal,Western Indian,Western Indian Ocean,0,0,30.8958242,-28.5305539,sequenced
